 insert into kuratori (id_kurator, jmeno, prijmeni, telefon) values (4226375437, 'Mora', 'Avrahm', 898169455);
insert into kuratori (id_kurator, jmeno, prijmeni, telefon) values (430899356, 'Royal', 'Bidewell', 972175911);
insert into kuratori (id_kurator, jmeno, prijmeni, telefon) values (963327554, 'Brendin', 'Pudan', 243926949);
insert into kuratori (id_kurator, jmeno, prijmeni, telefon) values (7876427607, 'Con', 'Game', 822882716);
insert into kuratori (id_kurator, jmeno, prijmeni, telefon) values (591747682, 'Leila', 'Chelam', 886306423);
insert into kuratori (id_kurator, jmeno, prijmeni, telefon) values (3784424721, 'Daryn', 'Chance', 263612442);
insert into kuratori (id_kurator, jmeno, prijmeni, telefon) values (3852601127, 'Korella', 'Pett', 637929555);
insert into kuratori (id_kurator, jmeno, prijmeni, telefon) values (2810634948, 'Tiffany', 'Jzhakov', 431703906);
insert into kuratori (id_kurator, jmeno, prijmeni, telefon) values (3290165946, 'Denis', 'Cliburn', 170172862);
insert into kuratori (id_kurator, jmeno, prijmeni, telefon) values (1880355385, 'Barron', 'Fransemai', 685463467);
insert into kuratori (id_kurator, jmeno, prijmeni, telefon) values (459572514, 'Francisco', 'Gater', 265290506);
insert into kuratori (id_kurator, jmeno, prijmeni, telefon) values (7540033140, 'Margeaux', 'Phillipson', 523643962);
insert into kuratori (id_kurator, jmeno, prijmeni, telefon) values (9908640482, 'Wilmer', 'Aps', 550993814);
insert into kuratori (id_kurator, jmeno, prijmeni, telefon) values (9713197320, 'Di', 'Flaherty', 476533890);
insert into kuratori (id_kurator, jmeno, prijmeni, telefon) values (3168810291, 'Valma', 'Delamere', 330253120);
insert into kuratori (id_kurator, jmeno, prijmeni, telefon) values (8188578692, 'Robbie', 'Mellish', 376154657);
insert into kuratori (id_kurator, jmeno, prijmeni, telefon) values (7561516729, 'Danna', 'Tantrum', 624093926);
insert into kuratori (id_kurator, jmeno, prijmeni, telefon) values (3085042650, 'Anthiathia', 'Gawkes', 561534607);
insert into kuratori (id_kurator, jmeno, prijmeni, telefon) values (9084772629, 'Kliment', 'Rann', 628161152);
insert into kuratori (id_kurator, jmeno, prijmeni, telefon) values (7564392230, 'Arron', 'Reinard', 808319423);



insert into patra (id_patro, cislo) values (76547412, 1);
insert into patra (id_patro, cislo) values (1862904531, 2);
insert into patra (id_patro, cislo) values (438272835, 3);
insert into patra (id_patro, cislo) values (586401904, 4);
insert into patra (id_patro, cislo) values (66665950, 5);

insert into muzea (id_muzeum, nazev) values (1070343653, 'Museum of Hussite Wars');
insert into muzea (id_muzeum, nazev) values (1083980236, 'Jan Hus and Hussitism Museum');
insert into muzea (id_muzeum, nazev) values (5773419585, 'Museum of Hussite Movement');
insert into muzea (id_muzeum, nazev) values (1249732255, 'Museum of Hussite Culture');
insert into muzea (id_muzeum, nazev) values (8296785591, 'Museeum of Hussite Figters');
insert into muzea (id_muzeum, nazev) values (2154227624, 'Hussite History Museum');
insert into muzea (id_muzeum, nazev) values (4839439464, 'Museum of Hussite Artifacts');
insert into muzea (id_muzeum, nazev) values (3287682393, 'Hussite Revolt Museum');
insert into muzea (id_muzeum, nazev) values (2458122651, 'Hussite Iconography Museum');
insert into muzea (id_muzeum, nazev) values (5948407355, 'Museum of Hussite Scriptures');
insert into muzea (id_muzeum, nazev) values (4949804408, 'Jan Žižka Memorial Museum');
insert into muzea (id_muzeum, nazev) values (4779948152, 'Museum of Hussite Relics');
insert into muzea (id_muzeum, nazev) values (4324873927, 'Hussite Battlefield Museum');
insert into muzea (id_muzeum, nazev) values (6410476668, 'Museum of Hussite Philosophy');
insert into muzea (id_muzeum, nazev) values (2312446615, 'Hussite Legacy Museum');
insert into muzea (id_muzeum, nazev) values (9940196503, 'Museum of Hussite Martyrs');
insert into muzea (id_muzeum, nazev) values (1350032947, 'Hussite Faith Museum');
insert into muzea (id_muzeum, nazev) values (5274231781, 'Hussite Resistance Museum');
insert into muzea (id_muzeum, nazev) values (2254517774, 'Hussite Art Museum');
insert into muzea (id_muzeum, nazev) values (9247101128, 'Museum of Hussite Leaders');

insert into sbirky (id_sbirka, nazev, kuratori_id_kurator) values (8533949709, 'Hussite Armor Collection', 4226375437);
insert into sbirky (id_sbirka, nazev, kuratori_id_kurator) values (9297261639, 'Jan Hus Manuscripts Collection', 430899356);
insert into sbirky (id_sbirka, nazev, kuratori_id_kurator) values (1900432822, 'Heritage of Strugle Coolection', 963327554);
insert into sbirky (id_sbirka, nazev, kuratori_id_kurator) values (1923066999, 'Legacy of Faith Exhibit', 7876427607);
insert into sbirky (id_sbirka, nazev, kuratori_id_kurator) values (2158277388, 'Chronicles of Rebellion Archive', 591747682);
insert into sbirky (id_sbirka, nazev, kuratori_id_kurator) values (9342996091, 'Cultural Treasures Collection', 3784424721);
insert into sbirky (id_sbirka, nazev, kuratori_id_kurator) values (8502023365, 'Path of Enlightment Collection', 3852601127);
insert into sbirky (id_sbirka, nazev, kuratori_id_kurator) values (6431798281, 'Echoes of Past Collection', 2810634948);
insert into sbirky (id_sbirka, nazev, kuratori_id_kurator) values (2317904020, 'Symbols of Identity Collection', 3290165946);
insert into sbirky (id_sbirka, nazev, kuratori_id_kurator) values (9477042391, 'Chronicles of Courage Collection', 1880355385);
insert into sbirky (id_sbirka, nazev, kuratori_id_kurator) values (6050439491, 'Tapestry of Struggle Collection', 459572514);
insert into sbirky (id_sbirka, nazev, kuratori_id_kurator) values (4622799431, 'Legacy of Resurgence Collection', 7540033140);
insert into sbirky (id_sbirka, nazev, kuratori_id_kurator) values (6830988226, 'Pathways of Transformation Collection', 9908640482);
insert into sbirky (id_sbirka, nazev, kuratori_id_kurator) values (6357555786, 'Diversity Collection', 9713197320);
insert into sbirky (id_sbirka, nazev, kuratori_id_kurator) values (975751959, 'Archives Collection', 3168810291);
insert into sbirky (id_sbirka, nazev, kuratori_id_kurator) values (2224781195, 'Chronicles Collection', 8188578692);
insert into sbirky (id_sbirka, nazev, kuratori_id_kurator) values (9913404909, 'Legacy Collection', 7561516729);
insert into sbirky (id_sbirka, nazev, kuratori_id_kurator) values (1002715421, 'Heritage Collection', 3085042650);
insert into sbirky (id_sbirka, nazev, kuratori_id_kurator) values (2181571619, 'Journey Collection', 9084772629);
insert into sbirky (id_sbirka, nazev, kuratori_id_kurator) values (1621912884, 'Discovery Collection', 7564392230);

insert into mistnosti (id_mistnost, cislo, patra_id_patro) values (9303090285, 23, 76547412);
insert into mistnosti (id_mistnost, cislo, patra_id_patro) values (1897628369, 45, 586401904);
insert into mistnosti (id_mistnost, cislo, patra_id_patro) values (5502575088, 40, 1947292119);
insert into mistnosti (id_mistnost, cislo, patra_id_patro) values (9036789094, 51, 66665950);
insert into mistnosti (id_mistnost, cislo, patra_id_patro) values (4697527497, 55, 625000285);
insert into mistnosti (id_mistnost, cislo, patra_id_patro) values (881312353, 22, 1862904531);
insert into mistnosti (id_mistnost, cislo, patra_id_patro) values (6058165939, 32, 438272835);
insert into mistnosti (id_mistnost, cislo, patra_id_patro) values (8582144331, 53, 362181688);
insert into mistnosti (id_mistnost, cislo, patra_id_patro) values (8158172842, 36, 1113991177);
insert into mistnosti (id_mistnost, cislo, patra_id_patro) values (4763291735, 24, 860781071);
insert into mistnosti (id_mistnost, cislo, patra_id_patro) values (5570783412, 25, 724110230);
insert into mistnosti (id_mistnost, cislo, patra_id_patro) values (7588919324, 37, 642835587);
insert into mistnosti (id_mistnost, cislo, patra_id_patro) values (3411794987, 38, 1350366321);
insert into mistnosti (id_mistnost, cislo, patra_id_patro) values (9705587838, 47, 236317538);
insert into mistnosti (id_mistnost, cislo, patra_id_patro) values (5117719016, 33, 50070088);
insert into mistnosti (id_mistnost, cislo, patra_id_patro) values (709477023, 29, 810466457);
insert into mistnosti (id_mistnost, cislo, patra_id_patro) values (2662055952, 16, 1251811547);
insert into mistnosti (id_mistnost, cislo, patra_id_patro) values (521982720, 20, 731796984);
insert into mistnosti (id_mistnost, cislo, patra_id_patro) values (1943449761, 21, 5961508);
insert into mistnosti (id_mistnost, cislo, patra_id_patro) values (9301657268, 18, 59690011);


INSERT INTO vstupne (id_vstupne, datum, castka, typ, poznamka) VALUES (4567053873, TO_DATE('2021-12-04', 'YYYY-MM-DD'), 150, 'Student admission', 'sapien sapien');
INSERT INTO vstupne (id_vstupne, datum, castka, typ, poznamka) VALUES (641701470, TO_DATE('2015-11-15', 'YYYY-MM-DD'), 300, 'Adult admission', 'dictumst');
INSERT INTO vstupne (id_vstupne, datum, castka, typ, poznamka) VALUES (9439597803, TO_DATE('2015-03-05', 'YYYY-MM-DD'), 150, 'Student admission', NULL);
INSERT INTO vstupne (id_vstupne, datum, castka, typ, poznamka) VALUES (4588149044, TO_DATE('2018-10-20', 'YYYY-MM-DD'), 300, 'Adult admission', NULL);
INSERT INTO vstupne (id_vstupne, datum, castka, typ, poznamka) VALUES (3128374485, TO_DATE('2022-07-12', 'YYYY-MM-DD'), 150, 'Student admission', NULL);
INSERT INTO vstupne (id_vstupne, datum, castka, typ, poznamka) VALUES (3230904643, TO_DATE('2020-01-29', 'YYYY-MM-DD'), 300, 'Adult admission', NULL);
INSERT INTO vstupne (id_vstupne, datum, castka, typ, poznamka) VALUES (1000300274, TO_DATE('2023-08-10', 'YYYY-MM-DD'), 100, 'Child admission', 'risus');
INSERT INTO vstupne (id_vstupne, datum, castka, typ, poznamka) VALUES (4615663863, TO_DATE('2017-01-14', 'YYYY-MM-DD'), 100, 'Child admission', NULL);
INSERT INTO vstupne (id_vstupne, datum, castka, typ, poznamka) VALUES (5660757269, TO_DATE('2020-05-04', 'YYYY-MM-DD'), 100, 'Child admission', 'lobortis convallis');
INSERT INTO vstupne (id_vstupne, datum, castka, typ, poznamka) VALUES (4658961801, TO_DATE('2022-11-09', 'YYYY-MM-DD'), 100, 'Child admission', 'cras non velit nec');
INSERT INTO vstupne (id_vstupne, datum, castka, typ, poznamka) VALUES (2066632483, TO_DATE('2022-02-05', 'YYYY-MM-DD'), 100, 'Child admission', 'est');
INSERT INTO vstupne (id_vstupne, datum, castka, typ, poznamka) VALUES (8255473985, TO_DATE('2017-07-06', 'YYYY-MM-DD'), 300, 'Adult admission', NULL);
INSERT INTO vstupne (id_vstupne, datum, castka, typ, poznamka) VALUES (7866205055, TO_DATE('2023-10-25', 'YYYY-MM-DD'), 100, 'Child admission', NULL);
INSERT INTO vstupne (id_vstupne, datum, castka, typ, poznamka) VALUES (4028073244, TO_DATE('2016-01-10', 'YYYY-MM-DD'), 10, 'Senior Citizen admission', 'lacinia');
INSERT INTO vstupne (id_vstupne, datum, castka, typ, poznamka) VALUES (7997653966, TO_DATE('2017-11-30', 'YYYY-MM-DD'), 300, 'Adult admission', 'mauris non');
INSERT INTO vstupne (id_vstupne, datum, castka, typ, poznamka) VALUES (4330058115, TO_DATE('2015-02-09', 'YYYY-MM-DD'), 100, 'Child admission', 'at dolor');
INSERT INTO vstupne (id_vstupne, datum, castka, typ, poznamka) VALUES (930793687, TO_DATE('2021-12-16', 'YYYY-MM-DD'), 300, 'Adult admission', 'vestibulum ante ipsum primis');
INSERT INTO vstupne (id_vstupne, datum, castka, typ, poznamka) VALUES (567956688, TO_DATE('2020-04-11', 'YYYY-MM-DD'), 120, 'Senior Citizen admission', 'tortor');
INSERT INTO vstupne (id_vstupne, datum, castka, typ, poznamka) VALUES (2252625341, TO_DATE('2020-03-07', 'YYYY-MM-DD'), 120, 'Senior Citizen admission', NULL);
INSERT INTO vstupne (id_vstupne, datum, castka, typ, poznamka) VALUES (3904092854, TO_DATE('2018-03-30', 'YYYY-MM-DD'), 150, 'Student admission', 'lobortis');

INSERT INTO vypujcky (id_vypujcka, datumpujceni, datumpredpovraceni, datumvraceni, typvypujcky, muzea_id_muzeum) VALUES (355268091, TO_DATE('2015-06-29', 'YYYY-MM-DD'), TO_DATE('2016-04-21', 'YYYY-MM-DD'), TO_DATE('2016-04-21', 'YYYY-MM-DD'), 'K', 1070343653);
INSERT INTO vypujcky (id_vypujcka, datumpujceni, datumpredpovraceni, datumvraceni, typvypujcky, muzea_id_muzeum) VALUES (976786117, TO_DATE('2021-07-06', 'YYYY-MM-DD'), TO_DATE('2022-04-02', 'YYYY-MM-DD'), TO_DATE('2022-04-02', 'YYYY-MM-DD'),'K', 1083980236);
INSERT INTO vypujcky (id_vypujcka, datumpujceni, datumpredpovraceni, datumvraceni, typvypujcky, muzea_id_muzeum) VALUES (1038062990, TO_DATE('2016-03-06', 'YYYY-MM-DD'), TO_DATE('2018-09-19', 'YYYY-MM-DD'), TO_DATE('2018-09-19', 'YYYY-MM-DD'), 'K',5773419585);
INSERT INTO vypujcky (id_vypujcka, datumpujceni, datumpredpovraceni, datumvraceni, typvypujcky, muzea_id_muzeum) VALUES (2053218908, TO_DATE('2016-07-26', 'YYYY-MM-DD'), TO_DATE('2018-02-24', 'YYYY-MM-DD'), TO_DATE('2018-02-24', 'YYYY-MM-DD'), 'K',1249732255);
INSERT INTO vypujcky (id_vypujcka, datumpujceni, datumpredpovraceni, datumvraceni, typvypujcky, muzea_id_muzeum) VALUES (668930780, TO_DATE('2021-10-10', 'YYYY-MM-DD'), TO_DATE('2022-10-04', 'YYYY-MM-DD'), TO_DATE('2022-10-04', 'YYYY-MM-DD'), 'K',8296785591);
INSERT INTO vypujcky (id_vypujcka, datumpujceni, datumpredpovraceni, datumvraceni, typvypujcky, muzea_id_muzeum) VALUES (2080151734, TO_DATE('2021-02-08', 'YYYY-MM-DD'), TO_DATE('2022-08-01', 'YYYY-MM-DD'), TO_DATE('2022-08-01', 'YYYY-MM-DD'), 'K',2154227624);
INSERT INTO vypujcky (id_vypujcka, datumpujceni, datumpredpovraceni, datumvraceni, typvypujcky, muzea_id_muzeum) VALUES (883666298, TO_DATE('2018-03-23', 'YYYY-MM-DD'), TO_DATE('2022-12-06', 'YYYY-MM-DD'), TO_DATE('2022-12-06', 'YYYY-MM-DD'), 'K',4839439464);
INSERT INTO vypujcky (id_vypujcka, datumpujceni, datumpredpovraceni, datumvraceni, typvypujcky, muzea_id_muzeum) VALUES (1642613702, TO_DATE('2018-06-18', 'YYYY-MM-DD'), TO_DATE('2019-05-16', 'YYYY-MM-DD'), TO_DATE('2023-03-14', 'YYYY-MM-DD'), 'K',3287682393);
INSERT INTO vypujcky (id_vypujcka, datumpujceni, datumpredpovraceni, datumvraceni, typvypujcky, muzea_id_muzeum) VALUES (764873175, TO_DATE('2020-09-03', 'YYYY-MM-DD'), TO_DATE('2020-10-03', 'YYYY-MM-DD'), TO_DATE('2020-10-03', 'YYYY-MM-DD'), 'K',2458122651);
INSERT INTO vypujcky (id_vypujcka, datumpujceni, datumpredpovraceni, datumvraceni, typvypujcky, muzea_id_muzeum) VALUES (1513144976, TO_DATE('2022-02-04', 'YYYY-MM-DD'), TO_DATE('2023-02-04', 'YYYY-MM-DD'), TO_DATE('2023-02-04', 'YYYY-MM-DD'), 'K',5948407355);

INSERT INTO vypujcky (id_vypujcka, datumpujceni, datumpredpovraceni, datumvraceni, typvypujcky, muzea_id_muzeum) VALUES (1799052610, TO_DATE('2015-10-13', 'YYYY-MM-DD'), TO_DATE('2018-06-29', 'YYYY-MM-DD'), TO_DATE('2018-06-29', 'YYYY-MM-DD'), 'O', 4949804408);
INSERT INTO vypujcky (id_vypujcka, datumpujceni, datumpredpovraceni, datumvraceni, typvypujcky, muzea_id_muzeum) VALUES (801675081, TO_DATE('2020-04-29', 'YYYY-MM-DD'), TO_DATE('2021-07-07', 'YYYY-MM-DD'), TO_DATE('2021-07-07', 'YYYY-MM-DD'), 'O', 4779948152);
INSERT INTO vypujcky (id_vypujcka, datumpujceni, datumpredpovraceni, datumvraceni, typvypujcky, muzea_id_muzeum) VALUES (1251472875, TO_DATE('2022-09-12', 'YYYY-MM-DD'), TO_DATE('2022-10-12', 'YYYY-MM-DD'), TO_DATE('2022-10-12', 'YYYY-MM-DD'), 'O', 4324873927);
INSERT INTO vypujcky (id_vypujcka, datumpujceni, datumpredpovraceni, datumvraceni, typvypujcky, muzea_id_muzeum) VALUES (1884376182, TO_DATE('2018-05-21', 'YYYY-MM-DD'), TO_DATE('2020-04-12', 'YYYY-MM-DD'), TO_DATE('2020-04-12', 'YYYY-MM-DD'), 'O', 6410476668);
INSERT INTO vypujcky (id_vypujcka, datumpujceni, datumpredpovraceni, datumvraceni, typvypujcky, muzea_id_muzeum) VALUES (1145298283, TO_DATE('2020-11-07', 'YYYY-MM-DD'), TO_DATE('2021-03-24', 'YYYY-MM-DD'), TO_DATE('2021-03-24', 'YYYY-MM-DD'), 'O', 2312446615);
INSERT INTO vypujcky (id_vypujcka, datumpujceni, datumpredpovraceni, datumvraceni, typvypujcky, muzea_id_muzeum) VALUES (948391763, TO_DATE('2019-01-15', 'YYYY-MM-DD'), TO_DATE('2020-01-15', 'YYYY-MM-DD'), TO_DATE('2020-01-15', 'YYYY-MM-DD'), 'O', 9940196503);
INSERT INTO vypujcky (id_vypujcka, datumpujceni, datumpredpovraceni, datumvraceni, typvypujcky, muzea_id_muzeum) VALUES (1504477909, TO_DATE('2015-09-26', 'YYYY-MM-DD'), TO_DATE('2018-11-06', 'YYYY-MM-DD'), TO_DATE('2018-11-06', 'YYYY-MM-DD'), 'O', 1350032947);
INSERT INTO vypujcky (id_vypujcka, datumpujceni, datumpredpovraceni, datumvraceni, typvypujcky, muzea_id_muzeum) VALUES (1985715006, TO_DATE('2021-06-06', 'YYYY-MM-DD'), TO_DATE('2022-07-27', 'YYYY-MM-DD'), TO_DATE('2022-07-27', 'YYYY-MM-DD'), 'O', 5274231781);
INSERT INTO vypujcky (id_vypujcka, datumpujceni, datumpredpovraceni, datumvraceni, typvypujcky, muzea_id_muzeum) VALUES (154062916, TO_DATE('2022-07-29', 'YYYY-MM-DD'), TO_DATE('2023-05-11', 'YYYY-MM-DD'), TO_DATE('2023-05-11', 'YYYY-MM-DD'), 'O', 2254517774);
INSERT INTO vypujcky (id_vypujcka, datumpujceni, datumpredpovraceni, datumvraceni, typvypujcky, muzea_id_muzeum) VALUES (1346755196, TO_DATE('2015-01-21', 'YYYY-MM-DD'), TO_DATE('2016-05-22', 'YYYY-MM-DD'), TO_DATE('2016-05-22', 'YYYY-MM-DD'), 'O', 9247101128);

insert into pujcky_muzeim (id_vypujcka, kontaktniosoba) values (355268091, 'Lelia Di Napoli');
insert into pujcky_muzeim (id_vypujcka, kontaktniosoba) values (976786117, 'Candide Dwelly');
insert into pujcky_muzeim (id_vypujcka, kontaktniosoba) values (1038062990, 'Dode Paolillo');
insert into pujcky_muzeim (id_vypujcka, kontaktniosoba) values (2053218908, 'Raynor Oubridge');
insert into pujcky_muzeim (id_vypujcka, kontaktniosoba) values (668930780, 'Karalee Petruskevich');
insert into pujcky_muzeim (id_vypujcka, kontaktniosoba) values (2080151734, 'Astra Mockett');
insert into pujcky_muzeim (id_vypujcka, kontaktniosoba) values (883666298, 'Dasya Hardes');
insert into pujcky_muzeim (id_vypujcka, kontaktniosoba) values (1642613702, 'Tiler Flanagan');
insert into pujcky_muzeim (id_vypujcka, kontaktniosoba) values (764873175, 'Kaitlin Hann');
insert into pujcky_muzeim (id_vypujcka, kontaktniosoba) values (1513144976, 'Kristo Rembaud');

insert into pujcky_od_muzei (id_vypujcka, vystavenodo) values (1799052610, TO_DATE('2018-06-28', 'YYYY-MM-DD'));
insert into pujcky_od_muzei (id_vypujcka, vystavenodo) values (801675081, TO_DATE('2021-07-06', 'YYYY-MM-DD'));
insert into pujcky_od_muzei (id_vypujcka, vystavenodo) values (1251472875, TO_DATE('2022-10-11', 'YYYY-MM-DD'));
insert into pujcky_od_muzei (id_vypujcka, vystavenodo) values (1884376182, TO_DATE('2020-04-11', 'YYYY-MM-DD'));
insert into pujcky_od_muzei (id_vypujcka, vystavenodo) values (1145298283, TO_DATE('2021-03-23', 'YYYY-MM-DD'));
insert into pujcky_od_muzei (id_vypujcka, vystavenodo) values (948391763, TO_DATE('2020-01-14', 'YYYY-MM-DD'));
insert into pujcky_od_muzei (id_vypujcka, vystavenodo) values (1504477909, TO_DATE('2018-11-05', 'YYYY-MM-DD'));
insert into pujcky_od_muzei (id_vypujcka, vystavenodo) values (1985715006, TO_DATE('2022-07-26', 'YYYY-MM-DD')); --
insert into pujcky_od_muzei (id_vypujcka, vystavenodo) values (154062916, TO_DATE('2023-05-10', 'YYYY-MM-DD'));
insert into pujcky_od_muzei (id_vypujcka, vystavenodo) values (1346755196, TO_DATE('2016-05-21', 'YYYY-MM-DD')); --

INSERT INTO vystavy (id_vystava, datumvystaveni, datumstazeni, mistnosti_id_mistnost, vstupne_id_vstupne, kuratori_id_kurator) VALUES (419821, TO_DATE('2020-12-04', 'YYYY-MM-DD'), TO_DATE('2022-12-04', 'YYYY-MM-DD'), 9303090285, 4567053873, 4226375437);
INSERT INTO vystavy (id_vystava, datumvystaveni, datumstazeni, mistnosti_id_mistnost, vstupne_id_vstupne, kuratori_id_kurator) VALUES (82792, TO_DATE('2019-03-07', 'YYYY-MM-DD'), TO_DATE('2021-03-07', 'YYYY-MM-DD'), 1943449761, 2252625341, 9084772629);
INSERT INTO vystavy (id_vystava, datumvystaveni, datumstazeni, mistnosti_id_mistnost, vstupne_id_vstupne, kuratori_id_kurator) VALUES (419821, TO_DATE('2020-12-04', 'YYYY-MM-DD'), TO_DATE('2022-12-04', 'YYYY-MM-DD'), 9303090285, 4567053873, 4226375437);
INSERT INTO vystavy (id_vystava, datumvystaveni, datumstazeni, mistnosti_id_mistnost, vstupne_id_vstupne, kuratori_id_kurator) VALUES (644155, TO_DATE('2015-11-15', 'YYYY-MM-DD'), TO_DATE('2016-11-15', 'YYYY-MM-DD'), 1897628369, 641701470, 4226375437);
INSERT INTO vystavy (id_vystava, datumvystaveni, datumstazeni, mistnosti_id_mistnost, vstupne_id_vstupne, kuratori_id_kurator) VALUES (662698, TO_DATE('2015-03-05', 'YYYY-MM-DD'), TO_DATE('2015-03-05', 'YYYY-MM-DD'), 5502575088, 9439597803, 4226375437);
INSERT INTO vystavy (id_vystava, datumvystaveni, datumstazeni, mistnosti_id_mistnost, vstupne_id_vstupne, kuratori_id_kurator) VALUES (464978, TO_DATE('2018-10-20', 'YYYY-MM-DD'), TO_DATE('2018-10-20', 'YYYY-MM-DD'), 9036789094, 4588149044, 591747682);
INSERT INTO vystavy (id_vystava, datumvystaveni, datumstazeni, mistnosti_id_mistnost, vstupne_id_vstupne, kuratori_id_kurator) VALUES (939658, TO_DATE('2022-07-12', 'YYYY-MM-DD'), TO_DATE('2023-07-12', 'YYYY-MM-DD'), 4697527497, 3128374485, 591747682);
INSERT INTO vystavy (id_vystava, datumvystaveni, datumstazeni, mistnosti_id_mistnost, vstupne_id_vstupne, kuratori_id_kurator) VALUES (365981, TO_DATE('2020-01-29', 'YYYY-MM-DD'), TO_DATE('2022-01-29', 'YYYY-MM-DD'), 881312353, 3230904643, 1880355385);
INSERT INTO vystavy (id_vystava, datumvystaveni, datumstazeni, mistnosti_id_mistnost, vstupne_id_vstupne, kuratori_id_kurator) VALUES (82279, TO_DATE('2023-08-10', 'YYYY-MM-DD'), TO_DATE('2023-11-10', 'YYYY-MM-DD'), 6058165939, 1000300274, 1880355385);
INSERT INTO vystavy (id_vystava, datumvystaveni, datumstazeni, mistnosti_id_mistnost, vstupne_id_vstupne, kuratori_id_kurator) VALUES (766462, TO_DATE('2017-01-14', 'YYYY-MM-DD'), TO_DATE('2018-01-14', 'YYYY-MM-DD'), 8582144331, 4615663863, 1880355385);
INSERT INTO vystavy (id_vystava, datumvystaveni, datumstazeni, mistnosti_id_mistnost, vstupne_id_vstupne, kuratori_id_kurator) VALUES (30459, TO_DATE('2020-05-04', 'YYYY-MM-DD'), TO_DATE('2020-12-04', 'YYYY-MM-DD'), 8158172842, 5660757269, 430899356);
INSERT INTO vystavy (id_vystava, datumvystaveni, datumstazeni, mistnosti_id_mistnost, vstupne_id_vstupne, kuratori_id_kurator) VALUES (156887, TO_DATE('2022-11-09', 'YYYY-MM-DD'), TO_DATE('2023-11-09', 'YYYY-MM-DD'), 4763291735, 4658961801, 430899356);
INSERT INTO vystavy (id_vystava, datumvystaveni, datumstazeni, mistnosti_id_mistnost, vstupne_id_vstupne, kuratori_id_kurator) VALUES (312626, TO_DATE('2022-02-05', 'YYYY-MM-DD'), TO_DATE('2023-02-05', 'YYYY-MM-DD'), 5570783412, 2066632483, 963327554);
INSERT INTO vystavy (id_vystava, datumvystaveni, datumstazeni, mistnosti_id_mistnost, vstupne_id_vstupne, kuratori_id_kurator) VALUES (794870, TO_DATE('2017-07-06', 'YYYY-MM-DD'), TO_DATE('2017-12-06', 'YYYY-MM-DD'), 7588919324, 8255473985, 963327554);
INSERT INTO vystavy (id_vystava, datumvystaveni, datumstazeni, mistnosti_id_mistnost, vstupne_id_vstupne, kuratori_id_kurator) VALUES (841290, TO_DATE('2023-10-25', 'YYYY-MM-DD'), TO_DATE('2023-11-25', 'YYYY-MM-DD'), 3411794987, 7866205055, 7876427607);
insert into vystavy (id_vystava, datumvystaveni, datumstazeni, mistnosti_id_mistnost, vstupne_id_vstupne, kuratori_id_kurator) values (738266, TO_DATE('2016-01-10', 'YYYY-MM-DD'), TO_DATE('2017-01-10', 'YYYY-MM-DD'), 9705587838, 4028073244, 7876427607);
insert into vystavy (id_vystava, datumvystaveni, datumstazeni, mistnosti_id_mistnost, vstupne_id_vstupne, kuratori_id_kurator) values (870797, TO_DATE('2017-11-30', 'YYYY-MM-DD'), TO_DATE('2018-11-30', 'YYYY-MM-DD'), 5117719016, 7997653966, 3784424721);
insert into vystavy (id_vystava, datumvystaveni, datumstazeni, mistnosti_id_mistnost, vstupne_id_vstupne, kuratori_id_kurator) values (410273, TO_DATE('2014-01-09', 'YYYY-MM-DD'), TO_DATE('2016-02-09', 'YYYY-MM-DD'), 709477023, 4330058115, 3784424721);
insert into vystavy (id_vystava, datumvystaveni, datumstazeni, mistnosti_id_mistnost, vstupne_id_vstupne, kuratori_id_kurator) values (13122, TO_DATE('2021-12-16', 'YYYY-MM-DD'), TO_DATE('2022-12-16', 'YYYY-MM-DD'), 2662055952, 930793687, 3852601127);
insert into vystavy (id_vystava, datumvystaveni, datumstazeni, mistnosti_id_mistnost, vstupne_id_vstupne, kuratori_id_kurator) values (962988, TO_DATE('2019-04-11', 'YYYY-MM-DD'), TO_DATE('2021-04-11', 'YYYY-MM-DD'), 521982720, 567956688, 3852601127);

insert into typy_predmetu (id_typpredmetu, typ) values (6949885745, 'statue');
insert into typy_predmetu (id_typpredmetu, typ) values (4405265693, 'book');
insert into typy_predmetu (id_typpredmetu, typ) values (6883007105, 'painting');
insert into typy_predmetu (id_typpredmetu, typ) values (537456785, 'jewel');
insert into typy_predmetu (id_typpredmetu, typ) values (5709944049, 'instrument');

insert into predmety (id_predmet, autor, období, material, rokvyrobeni, vypujcky_id_vypujcka, sbirky_id_sbirka, vystavy_id_vystava, typy_predmetu_id_typpredmetu) values (2524605496, 'Kristoforo Cleaver', 'baroque', 'steel', 1623, 355268091, 8533949709, null, 537456785);
insert into predmety (id_predmet, autor, období, material, rokvyrobeni, vypujcky_id_vypujcka, sbirky_id_sbirka, vystavy_id_vystava, typy_predmetu_id_typpredmetu) values (4423627427, 'Leoline Popple', 'baroque', 'wood', 1687, 976786117, 8533949709, null, 5709944049);
insert into predmety (id_predmet, autor, období, material, rokvyrobeni, vypujcky_id_vypujcka, sbirky_id_sbirka, vystavy_id_vystava, typy_predmetu_id_typpredmetu) values (8091486875, null, 'baroque', 'wood', 1702, 1799052610, 8533949709, null, 5709944049);
insert into predmety (id_predmet, autor, období, material, rokvyrobeni, vypujcky_id_vypujcka, sbirky_id_sbirka, vystavy_id_vystava, typy_predmetu_id_typpredmetu) values (4786566677, null, 'baroque', 'stone', null, 801675081, 4704278686, null, 6949885745);
insert into predmety (id_predmet, autor, období, material, rokvyrobeni, vypujcky_id_vypujcka, sbirky_id_sbirka, vystavy_id_vystava, typy_predmetu_id_typpredmetu) values (4233267266, 'Cybil Stappard', 'baroque', 'steel', 1739, null, 8533949709, 419821, 537456785);
insert into predmety (id_predmet, autor, období, material, rokvyrobeni, vypujcky_id_vypujcka, sbirky_id_sbirka, vystavy_id_vystava, typy_predmetu_id_typpredmetu) values (6279042023, 'Faun Jakucewicz', 'baroque', 'steel', 1750, null, 8533949709, 82792, 537456785);
insert into predmety (id_predmet, autor, období, material, rokvyrobeni, vypujcky_id_vypujcka, sbirky_id_sbirka, vystavy_id_vystava, typy_predmetu_id_typpredmetu) values (6116270758, null, 'baroque', 'wood', 1696, null, 9297261639, 419821, 5709944049);
insert into predmety (id_predmet, autor, období, material, rokvyrobeni, vypujcky_id_vypujcka, sbirky_id_sbirka, vystavy_id_vystava, typy_predmetu_id_typpredmetu) values (5539491732, 'Reece McPartlin', 'baroque', 'stone', 1762, null, 9297261639, 644155, 6949885745);
insert into predmety (id_predmet, autor, období, material, rokvyrobeni, vypujcky_id_vypujcka, sbirky_id_sbirka, vystavy_id_vystava, typy_predmetu_id_typpredmetu) values (6624988112, null, 'romanticism', 'stone', 1875, 1038062990, 1900432822, null, 6949885745);
insert into predmety (id_predmet, autor, období, material, rokvyrobeni, vypujcky_id_vypujcka, sbirky_id_sbirka, vystavy_id_vystava, typy_predmetu_id_typpredmetu) values (928464376, 'Natalie Gyrgorcewicx', 'romanticism', 'stone', 1823, 2053218908, 1900432822, null, 6949885745);
insert into predmety (id_predmet, autor, období, material, rokvyrobeni, vypujcky_id_vypujcka, sbirky_id_sbirka, vystavy_id_vystava, typy_predmetu_id_typpredmetu) values (1264164190, 'Sandra Biermatowicz', 'romanticism', 'wood', null, 1884376182, 1923066999, null, 5709944049);
insert into predmety (id_predmet, autor, období, material, rokvyrobeni, vypujcky_id_vypujcka, sbirky_id_sbirka, vystavy_id_vystava, typy_predmetu_id_typpredmetu) values (9541839291, 'Maribel Insworth', 'romanticism', 'wood', null, null, 1900432822, 662698, 5709944049);
insert into predmety (id_predmet, autor, období, material, rokvyrobeni, vypujcky_id_vypujcka, sbirky_id_sbirka, vystavy_id_vystava, typy_predmetu_id_typpredmetu) values (1866037419, 'Mattheus de Tocqueville', 'romanticism', 'paper', null, null, 1923066999, 464978, 4405265693);
insert into predmety (id_predmet, autor, období, material, rokvyrobeni, vypujcky_id_vypujcka, sbirky_id_sbirka, vystavy_id_vystava, typy_predmetu_id_typpredmetu) values (2407295749, 'Ettie Knowlton', 'romanticism', 'paper', null, null, 1923066999, 939658, 4405265693);
insert into predmety (id_predmet, autor, období, material, rokvyrobeni, vypujcky_id_vypujcka, sbirky_id_sbirka, vystavy_id_vystava, typy_predmetu_id_typpredmetu) values (9575777553, null, 'realism', 'paper', 1873, 1513144976, 2158277388, null, 4405265693);
insert into predmety (id_predmet, autor, období, material, rokvyrobeni, vypujcky_id_vypujcka, sbirky_id_sbirka, vystavy_id_vystava, typy_predmetu_id_typpredmetu) values (4821419250, 'Dion Itzkin', 'realism', 'stone', null, 764873175, 2158277388, null, 6949885745);
insert into predmety (id_predmet, autor, období, material, rokvyrobeni, vypujcky_id_vypujcka, sbirky_id_sbirka, vystavy_id_vystava, typy_predmetu_id_typpredmetu) values (3930530977, 'Cirillo Crippell', 'realism', 'paper', 1848, 948391763, 9342996091, null, 4405265693);
insert into predmety (id_predmet, autor, období, material, rokvyrobeni, vypujcky_id_vypujcka, sbirky_id_sbirka, vystavy_id_vystava, typy_predmetu_id_typpredmetu) values (486244461, 'Kelly Hands', 'realism', 'stone', 1880, null, 2158277388, 365981, 6949885745);
insert into predmety (id_predmet, autor, období, material, rokvyrobeni, vypujcky_id_vypujcka, sbirky_id_sbirka, vystavy_id_vystava, typy_predmetu_id_typpredmetu) values (647148298, 'Margret Muttitt', 'realism', 'steel', null, null, 9342996091, 82279, 537456785);
insert into predmety (id_predmet, autor, období, material, rokvyrobeni, vypujcky_id_vypujcka, sbirky_id_sbirka, vystavy_id_vystava, typy_predmetu_id_typpredmetu) values (6063599033, 'Olly Korpal', 'realism', 'wood', 1888, null, 9342996091, 766462, 5709944049);

insert into skladovaci_podminky (id_skladovacipodminka, teplota, svetlo, vlhkost, prostorokolo, predmety_id_predmet, poznamka) values (2002819103, 20, 54, 60, 35, 2524605496, null);
insert into skladovaci_podminky (id_skladovacipodminka, teplota, svetlo, vlhkost, prostorokolo, predmety_id_predmet, poznamka) values (449122187, 18, 66, 41, 20, 4423627427, null);
insert into skladovaci_podminky (id_skladovacipodminka, teplota, svetlo, vlhkost, prostorokolo, predmety_id_predmet, poznamka) values (277726840, 20, 68, 59, 20, 8091486875, null);
insert into skladovaci_podminky (id_skladovacipodminka, teplota, svetlo, vlhkost, prostorokolo, predmety_id_predmet, poznamka) values (1094025468, 21, 146, 50, 10, 4786566677, null);
insert into skladovaci_podminky (id_skladovacipodminka, teplota, svetlo, vlhkost, prostorokolo, predmety_id_predmet, poznamka) values (251562672, 21, 139, 44, 10, 4233267266, null);
insert into skladovaci_podminky (id_skladovacipodminka, teplota, svetlo, vlhkost, prostorokolo, predmety_id_predmet, poznamka) values (391395921, 19, 147, 47, 10, 6279042023, null);
insert into skladovaci_podminky (id_skladovacipodminka, teplota, svetlo, vlhkost, prostorokolo, predmety_id_predmet, poznamka) values (1108681725, 18, 144, 41, 20, 6116270758, null);
insert into skladovaci_podminky (id_skladovacipodminka, teplota, svetlo, vlhkost, prostorokolo, predmety_id_predmet, poznamka) values (628336861, 18, 132, 52, 40, 5539491732, null);
insert into skladovaci_podminky (id_skladovacipodminka, teplota, svetlo, vlhkost, prostorokolo, predmety_id_predmet, poznamka) values (569239290, 20, 57, 43, 40, 6624988112, null);
insert into skladovaci_podminky (id_skladovacipodminka, teplota, svetlo, vlhkost, prostorokolo, predmety_id_predmet, poznamka) values (677948338, 20, 82, 49, 20, 928464376, null);
insert into skladovaci_podminky (id_skladovacipodminka, teplota, svetlo, vlhkost, prostorokolo, predmety_id_predmet, poznamka) values (800049163, 22, 62, 40, 20, 1264164190, null);
insert into skladovaci_podminky (id_skladovacipodminka, teplota, svetlo, vlhkost, prostorokolo, predmety_id_predmet, poznamka) values (1308818795, 19, 112, 54, 20, 9541839291, null);
insert into skladovaci_podminky (id_skladovacipodminka, teplota, svetlo, vlhkost, prostorokolo, predmety_id_predmet, poznamka) values (1606790449, 21, 145, 40, 40, 1866037419, 'sed');
insert into skladovaci_podminky (id_skladovacipodminka, teplota, svetlo, vlhkost, prostorokolo, predmety_id_predmet, poznamka) values (1130196945, 18, 148, 55, 20, 2407295749, null);
insert into skladovaci_podminky (id_skladovacipodminka, teplota, svetlo, vlhkost, prostorokolo, predmety_id_predmet, poznamka) values (38318089, 19, 89, 40, 30, 9575777553, null);
insert into skladovaci_podminky (id_skladovacipodminka, teplota, svetlo, vlhkost, prostorokolo, predmety_id_predmet, poznamka) values (1125148544, 22, 60, 49, 40, 4821419250, null);
insert into skladovaci_podminky (id_skladovacipodminka, teplota, svetlo, vlhkost, prostorokolo, predmety_id_predmet, poznamka) values (1664785043, 20, 54, 53, 30, 3930530977, null);
insert into skladovaci_podminky (id_skladovacipodminka, teplota, svetlo, vlhkost, prostorokolo, predmety_id_predmet, poznamka) values (335969912, 21, 118, 54, 40, 486244461, null);
insert into skladovaci_podminky (id_skladovacipodminka, teplota, svetlo, vlhkost, prostorokolo, predmety_id_predmet, poznamka) values (593611906, 18, 68, 49, 30, 647148298, null);
insert into skladovaci_podminky (id_skladovacipodminka, teplota, svetlo, vlhkost, prostorokolo, predmety_id_predmet, poznamka) values (724512929, 19, 146, 48, 10, 6063599033, null);

UPDATE mistnosti SET patra_id_patro = 76547412 WHERE cislo LIKE '1%';
UPDATE mistnosti SET patra_id_patro = 1862904531 WHERE cislo LIKE '2%';
UPDATE mistnosti SET patra_id_patro = 438272835 WHERE cislo LIKE '3%';
UPDATE mistnosti SET patra_id_patro = 586401904 WHERE cislo LIKE '4%';
UPDATE mistnosti SET patra_id_patro = 66665950 WHERE cislo LIKE '5%';
DELETE FROM patra WHERE id_patro IN (1947292119, 625000285, 362181688, 1113991177, 860781071, 724110230, 642835587, 1350366321, 236317538, 50070088, 810466457, 1251811547, 731796984, 5961508, 59690011);

